,ticker,name,sector,industry,date_added,date_removed,reason_removed,is_in_index
0,MMM,3M,Industrials,Industrial Conglomerates,1957-03-04,,,True
1,AOS,A. O. Smith,Industrials,Building Products,2017-07-26,,,True
2,ABT,Abbott,Health Care,Health Care Equipment,1957-03-04,,,True
3,ABBV,AbbVie,Health Care,Pharmaceuticals,2012-12-31,,,True
4,ACN,Accenture,Information Technology,IT Consulting & Other Services,2011-07-06,,,True
5,ATVI,Activision Blizzard,Communication Services,Interactive Home Entertainment,2015-08-31,,,True
6,ADM,ADM,Consumer Staples,Agricultural Products,1957-03-04,,,True
7,ADBE,Adobe Inc.,Information Technology,Application Software,1997-05-05,,,True
8,ADP,ADP,Information Technology,Data Processing & Outsourced Services,1981-03-31,,,True
9,AAP,Advance Auto Parts,Consumer Discretionary,Automotive Retail,2015-07-09,,,True
10,AES,AES Corporation,Utilities,Independent Power Producers & Energy Traders,1998-10-02,,,True
11,AFL,Aflac,Financials,Life & Health Insurance,1999-05-28,,,True
12,A,Agilent Technologies,Health Care,Health Care Equipment,2000-06-05,,,True
13,APD,Air Products and Chemicals,Materials,Industrial Gases,1985-04-30,,,True
14,AKAM,Akamai,Information Technology,Internet Services & Infrastructure,2007-07-12,,,True
15,ALK,Alaska Air Group,Industrials,Airlines,2016-05-13,,,True
16,ALB,Albemarle Corporation,Materials,Specialty Chemicals,2016-07-01,,,True
17,ARE,Alexandria Real Estate Equities,Real Estate,Office REITs,2017-03-20,,,True
18,ALGN,Align Technology,Health Care,Health Care Supplies,2017-06-19,,,True
19,ALLE,Allegion,Industrials,Building Products,2013-12-02,,,True
20,LNT,Alliant Energy,Utilities,Electric Utilities,2016-07-01,,,True
21,ALL,Allstate,Financials,Property & Casualty Insurance,1995-07-13,,,True
22,GOOGL,Alphabet Inc. (Class A),Communication Services,Interactive Media & Services,2014-04-03,,,True
23,GOOG,Alphabet Inc. (Class C),Communication Services,Interactive Media & Services,2006-04-03,,,True
24,MO,Altria,Consumer Staples,Tobacco,1957-03-04,,,True
25,AMZN,Amazon,Consumer Discretionary,Internet & Direct Marketing Retail,2005-11-18,,,True
26,AMCR,Amcor,Materials,Paper Packaging,2019-06-07,,,True
27,AMD,AMD,Information Technology,Semiconductors,2017-03-20,,,True
28,AEE,Ameren,Utilities,Multi-Utilities,1991-09-19,,,True
29,AAL,American Airlines Group,Industrials,Airlines,2015-03-23,,,True
30,AEP,American Electric Power,Utilities,Electric Utilities,1957-03-04,,,True
31,AXP,American Express,Financials,Consumer Finance,1976-06-30,,,True
32,AIG,American International Group,Financials,Property & Casualty Insurance,1980-03-31,,,True
33,AMT,American Tower,Real Estate,Specialized REITs,2007-11-19,,,True
34,AWK,American Water Works,Utilities,Water Utilities,2016-03-04,,,True
35,AMP,Ameriprise Financial,Financials,Asset Management & Custody Banks,2005-10-03,,,True
36,ABC,AmerisourceBergen,Health Care,Health Care Distributors,2001-08-30,,,True
37,AME,Ametek,Industrials,Electrical Components & Equipment,2013-09-23,,,True
38,AMGN,Amgen,Health Care,Biotechnology,1992-01-02,,,True
39,APH,Amphenol,Information Technology,Electronic Components,2008-09-30,,,True
40,ADI,Analog Devices,Information Technology,Semiconductors,1999-10-12,,,True
41,ANSS,Ansys,Information Technology,Application Software,2017-06-19,,,True
42,AON,Aon,Financials,Insurance Brokers,1996-04-23,,,True
43,APA,APA Corporation,Energy,Oil & Gas Exploration & Production,1997-07-28,,,True
44,AAPL,Apple Inc.,Information Technology,"Technology Hardware, Storage & Peripherals",1982-11-30,,,True
45,AMAT,Applied Materials,Information Technology,Semiconductor Equipment,1995-03-16,,,True
46,APTV,Aptiv,Consumer Discretionary,Auto Parts & Equipment,2012-12-24,,,True
47,ACGL,Arch Capital Group,Financials,Reinsurance,2022-11-01,,,True
48,ANET,Arista Networks,Information Technology,Communications Equipment,2018-08-28,,,True
49,AJG,Arthur J. Gallagher & Co.,Financials,Insurance Brokers,2016-05-31,,,True
50,AIZ,Assurant,Financials,Multi-line Insurance,2007-04-10,,,True
51,T,AT&T,Communication Services,Integrated Telecommunication Services,1983-11-30,,,True
52,ATO,Atmos Energy,Utilities,Gas Utilities,2019-02-15,,,True
53,ADSK,Autodesk,Information Technology,Application Software,1989-12-01,,,True
54,AZO,AutoZone,Consumer Discretionary,Specialty Stores,1997-01-02,,,True
55,AVB,AvalonBay Communities,Real Estate,Residential REITs,2007-01-10,,,True
56,AVY,Avery Dennison,Materials,Paper Packaging,1987-12-31,,,True
57,BKR,Baker Hughes,Energy,Oil & Gas Equipment & Services,2017-07-07,,,True
58,BALL,Ball Corporation,Materials,Metal & Glass Containers,1984-10-31,,,True
59,BAC,Bank of America,Financials,Diversified Banks,1976-06-30,,,True
60,BBWI,"Bath & Body Works, Inc.",Consumer Discretionary,Specialty Stores,1983-09-30,,,True
61,BAX,Baxter International,Health Care,Health Care Equipment,1972-09-30,,,True
62,BDX,Becton Dickinson,Health Care,Health Care Equipment,1972-09-30,,,True
63,WRB,Berkley,Financials,Property & Casualty Insurance,2019-12-05,,,True
64,BRK.B,Berkshire Hathaway,Financials,Multi-Sector Holdings,2010-02-16,,,True
65,BBY,Best Buy,Consumer Discretionary,Computer & Electronics Retail,1999-06-29,,,True
66,BIO,Bio-Rad,Health Care,Life Sciences Tools & Services,2020-06-22,,,True
67,TECH,Bio-Techne,Health Care,Life Sciences Tools & Services,2021-08-30,,,True
68,BIIB,Biogen,Health Care,Biotechnology,2003-11-13,,,True
69,BLK,BlackRock,Financials,Asset Management & Custody Banks,2011-04-04,,,True
70,BK,BNY Mellon,Financials,Asset Management & Custody Banks,1995-03-31,,,True
71,BA,Boeing,Industrials,Aerospace & Defense,1957-03-04,,,True
72,BKNG,Booking Holdings,Consumer Discretionary,Internet & Direct Marketing Retail,2009-11-06,,,True
73,BWA,BorgWarner,Consumer Discretionary,Auto Parts & Equipment,2011-12-19,,,True
74,BXP,Boston Properties,Real Estate,Office REITs,2006-04-03,,,True
75,BSX,Boston Scientific,Health Care,Health Care Equipment,1995-02-24,,,True
76,BMY,Bristol Myers Squibb,Health Care,Pharmaceuticals,1957-03-04,,,True
77,AVGO,Broadcom Inc.,Information Technology,Semiconductors,2014-05-08,,,True
78,BR,Broadridge Financial Solutions,Information Technology,Data Processing & Outsourced Services,2018-06-18,,,True
79,BRO,Brown & Brown,Financials,Insurance Brokers,2021-09-20,,,True
80,BF.B,Brown–Forman,Consumer Staples,Distillers & Vintners,1982-10-31,,,True
81,CHRW,C.H. Robinson,Industrials,Air Freight & Logistics,2007-03-02,,,True
82,CDNS,Cadence Design Systems,Information Technology,Application Software,2017-09-18,,,True
83,CZR,Caesars Entertainment,Consumer Discretionary,Casinos & Gaming,2021-03-22,,,True
84,CPT,Camden Property Trust,Real Estate,Residential REITs,2022-04-04,,,True
85,CPB,Campbell Soup Company,Consumer Staples,Packaged Foods & Meats,1957-03-04,,,True
86,COF,Capital One,Financials,Consumer Finance,1998-07-01,,,True
87,CAH,Cardinal Health,Health Care,Health Care Distributors,1997-05-27,,,True
88,KMX,CarMax,Consumer Discretionary,Automotive Retail,2010-06-28,,,True
89,CCL,Carnival,Consumer Discretionary,"Hotels, Resorts & Cruise Lines",1998-12-22,,,True
90,CARR,Carrier Global,Industrials,Building Products,2020-04-03,,,True
91,CTLT,Catalent,Health Care,Pharmaceuticals,2020-09-21,,,True
92,CAT,Caterpillar Inc.,Industrials,Construction Machinery & Heavy Trucks,1957-03-04,,,True
93,CBOE,Cboe Global Markets,Financials,Financial Exchanges & Data,2017-03-01,,,True
94,CBRE,CBRE Group,Real Estate,Real Estate Services,2006-11-10,,,True
95,CDW,CDW,Information Technology,Technology Distributors,2019-09-23,,,True
96,CE,Celanese,Materials,Specialty Chemicals,2018-12-24,,,True
97,CNC,Centene Corporation,Health Care,Managed Health Care,2016-03-30,,,True
98,CNP,CenterPoint Energy,Utilities,Multi-Utilities,1985-07-31,,,True
99,CDAY,Ceridian,Information Technology,Application Software,2021-09-20,,,True
100,CF,CF Industries,Materials,Fertilizers & Agricultural Chemicals,2008-08-27,,,True
101,CRL,Charles River Laboratories,Health Care,Life Sciences Tools & Services,2021-05-14,,,True
102,SCHW,Charles Schwab Corporation,Financials,Investment Banking & Brokerage,1997-06-02,,,True
103,CHTR,Charter Communications,Communication Services,Cable & Satellite,2016-09-08,,,True
104,CVX,Chevron Corporation,Energy,Integrated Oil & Gas,1957-03-04,,,True
105,CMG,Chipotle Mexican Grill,Consumer Discretionary,Restaurants,2011-04-28,,,True
106,CB,Chubb Limited,Financials,Property & Casualty Insurance,2010-07-15,,,True
107,CHD,Church & Dwight,Consumer Staples,Household Products,2015-12-29,,,True
108,CI,Cigna,Health Care,Managed Health Care,1976-06-30,,,True
109,CINF,Cincinnati Financial,Financials,Property & Casualty Insurance,1997-12-18,,,True
110,CTAS,Cintas,Industrials,Diversified Support Services,2001-03-01,,,True
111,CSCO,Cisco,Information Technology,Communications Equipment,1993-12-01,,,True
112,C,Citigroup,Financials,Diversified Banks,1988-05-31,,,True
113,CFG,Citizens Financial Group,Financials,Regional Banks,2016-01-29,,,True
114,CLX,Clorox,Consumer Staples,Household Products,1969-03-31,,,True
115,CME,CME Group,Financials,Financial Exchanges & Data,2006-08-11,,,True
116,CMS,CMS Energy,Utilities,Multi-Utilities,1957-03-04,,,True
117,KO,Coca-Cola Company (The),Consumer Staples,Soft Drinks,1957-03-04,,,True
118,CTSH,Cognizant,Information Technology,IT Consulting & Other Services,2006-11-17,,,True
119,CL,Colgate-Palmolive,Consumer Staples,Household Products,1957-03-04,,,True
120,CMCSA,Comcast,Communication Services,Cable & Satellite,2002-11-19,,,True
121,CMA,Comerica,Financials,Diversified Banks,1995-12-01,,,True
122,CAG,Conagra Brands,Consumer Staples,Packaged Foods & Meats,1983-08-31,,,True
123,COP,ConocoPhillips,Energy,Oil & Gas Exploration & Production,1957-03-04,,,True
124,ED,Consolidated Edison,Utilities,Electric Utilities,1957-03-04,,,True
125,STZ,Constellation Brands,Consumer Staples,Distillers & Vintners,2005-07-01,,,True
126,CEG,Constellation Energy,Utilities,Multi-Utilities,2022-02-02,,,True
127,COO,CooperCompanies,Health Care,Health Care Supplies,2016-09-23,,,True
128,CPRT,Copart,Industrials,Diversified Support Services,2018-07-02,,,True
129,GLW,Corning Inc.,Information Technology,Electronic Components,1995-02-27,,,True
130,CTVA,Corteva,Materials,Fertilizers & Agricultural Chemicals,2019-06-03,,,True
131,CSGP,CoStar Group,Industrials,Research & Consulting Services,2022-09-19,,,True
132,COST,Costco,Consumer Staples,Hypermarkets & Super Centers,1993-10-01,,,True
133,CTRA,Coterra,Energy,Oil & Gas Exploration & Production,2008-06-23,,,True
134,CCI,Crown Castle,Real Estate,Specialized REITs,2012-03-14,,,True
135,CSX,CSX,Industrials,Railroads,1957-03-04,,,True
136,CMI,Cummins,Industrials,Industrial Machinery,1965-03-31,,,True
137,CVS,CVS Health,Health Care,Health Care Services,1957-03-04,,,True
138,DHI,D.R. Horton,Consumer Discretionary,Homebuilding,2005-06-22,,,True
139,DHR,Danaher Corporation,Health Care,Health Care Equipment,1998-11-18,,,True
140,DRI,Darden Restaurants,Consumer Discretionary,Restaurants,1995-05-31,,,True
141,DVA,DaVita Inc.,Health Care,Health Care Facilities,2008-07-31,,,True
142,DE,John Deere,Industrials,Agricultural & Farm Machinery,1957-03-04,,,True
143,DAL,Delta Air Lines,Industrials,Airlines,2013-09-11,,,True
144,XRAY,Dentsply Sirona,Health Care,Health Care Supplies,2008-11-14,,,True
145,DVN,Devon Energy,Energy,Oil & Gas Exploration & Production,2000-08-30,,,True
146,DXCM,Dexcom,Health Care,Health Care Equipment,2020-05-12,,,True
147,FANG,Diamondback Energy,Energy,Oil & Gas Exploration & Production,2018-12-03,,,True
148,DLR,Digital Realty,Real Estate,Specialized REITs,2016-05-18,,,True
149,DFS,Discover Financial,Financials,Consumer Finance,2007-07-02,,,True
150,DISH,Dish Network,Communication Services,Cable & Satellite,2017-03-13,,,True
151,DIS,Disney,Communication Services,Movies & Entertainment,1976-06-30,,,True
152,DG,Dollar General,Consumer Discretionary,General Merchandise Stores,2012-12-03,,,True
153,DLTR,Dollar Tree,Consumer Discretionary,General Merchandise Stores,2011-12-19,,,True
154,D,Dominion Energy,Utilities,Electric Utilities,,,,True
155,DPZ,Domino's,Consumer Discretionary,Restaurants,2020-05-12,,,True
156,DOV,Dover Corporation,Industrials,Industrial Machinery,1985-10-31,,,True
157,DOW,Dow Inc.,Materials,Commodity Chemicals,2019-04-01,,,True
158,DTE,DTE Energy,Utilities,Multi-Utilities,1957-03-04,,,True
159,DUK,Duke Energy,Utilities,Electric Utilities,1976-06-30,,,True
160,DD,DuPont,Materials,Specialty Chemicals,2019-04-02,,,True
161,DXC,DXC Technology,Information Technology,IT Consulting & Other Services,2017-04-04,,,True
162,EMN,Eastman Chemical Company,Materials,Diversified Chemicals,1994-01-01,,,True
163,ETN,Eaton Corporation,Industrials,Electrical Components & Equipment,1957-03-04,,,True
164,EBAY,eBay,Consumer Discretionary,Internet & Direct Marketing Retail,2002-07-22,,,True
165,ECL,Ecolab,Materials,Specialty Chemicals,1989-01-31,,,True
166,EIX,Edison International,Utilities,Electric Utilities,1957-03-04,,,True
167,EW,Edwards Lifesciences,Health Care,Health Care Equipment,2011-04-01,,,True
168,EA,Electronic Arts,Communication Services,Interactive Home Entertainment,2002-07-22,,,True
169,ELV,Elevance Health,Health Care,Managed Health Care,2002-07-25,,,True
170,LLY,Eli Lilly and Company,Health Care,Pharmaceuticals,1970-12-31,,,True
171,EMR,Emerson Electric,Industrials,Electrical Components & Equipment,1965-03-31,,,True
172,ENPH,Enphase,Information Technology,Electronic Components,2021-01-07,,,True
173,ETR,Entergy,Utilities,Electric Utilities,1957-03-04,,,True
174,EOG,EOG Resources,Energy,Oil & Gas Exploration & Production,2000-11-02,,,True
175,EPAM,EPAM Systems,Information Technology,IT Consulting & Other Services,2021-12-14,,,True
176,EQT,EQT,Energy,Oil & Gas Exploration & Production,2022-10-03,,,True
177,EFX,Equifax,Industrials,Research & Consulting Services,1997-06-19,,,True
178,EQIX,Equinix,Real Estate,Specialized REITs,2015-03-20,,,True
179,EQR,Equity Residential,Real Estate,Residential REITs,2001-12-03,,,True
180,ESS,Essex Property Trust,Real Estate,Residential REITs,2014-04-02,,,True
181,EL,Estée Lauder Companies (The),Consumer Staples,Personal Products,2006-01-05,,,True
182,ETSY,Etsy,Consumer Discretionary,Internet & Direct Marketing Retail,2020-09-21,,,True
183,RE,Everest Re,Financials,Reinsurance,2017-06-19,,,True
184,EVRG,Evergy,Utilities,Electric Utilities,2018-06-05,,,True
185,ES,Eversource,Utilities,Multi-Utilities,2009,,,True
186,EXC,Exelon,Utilities,Multi-Utilities,1957-03-04,,,True
187,EXPE,Expedia Group,Consumer Discretionary,Internet & Direct Marketing Retail,2007-10-02,,,True
188,EXPD,Expeditors International,Industrials,Air Freight & Logistics,2007-10-10,,,True
189,EXR,Extra Space Storage,Real Estate,Specialized REITs,2016-01-19,,,True
190,XOM,ExxonMobil,Energy,Integrated Oil & Gas,1957-03-04,,,True
191,FFIV,"F5, Inc.",Information Technology,Communications Equipment,2010-12-20,,,True
192,FDS,FactSet,Financials,Financial Exchanges & Data,2021-12-20,,,True
193,FAST,Fastenal,Industrials,Building Products,2008-09-15,,,True
194,FRT,Federal Realty,Real Estate,Retail REITs,2016-02-01,,,True
195,FDX,FedEx,Industrials,Air Freight & Logistics,1980-12-31,,,True
196,FITB,Fifth Third Bank,Financials,Regional Banks,1996-03-29,,,True
197,FRC,First Republic Bank,Financials,Regional Banks,2019-01-02,,,True
198,FSLR,First Solar,Information Technology,Semiconductors,2022-12-19,,,True
199,FE,FirstEnergy,Utilities,Electric Utilities,1997-11-28,,,True
200,FIS,FIS,Information Technology,Data Processing & Outsourced Services,2006-11-10,,,True
201,FISV,Fiserv,Information Technology,Data Processing & Outsourced Services,2001-04-02,,,True
202,FLT,Fleetcor,Information Technology,Data Processing & Outsourced Services,2018-06-20,,,True
203,FMC,FMC Corporation,Materials,Fertilizers & Agricultural Chemicals,2009-08-19,,,True
204,F,Ford Motor Company,Consumer Discretionary,Automobile Manufacturers,1957-03-04,,,True
205,FTNT,Fortinet,Information Technology,Systems Software,2018-10-11,,,True
206,FTV,Fortive,Industrials,Industrial Machinery,2016-07-01,,,True
207,FOXA,Fox Corporation (Class A),Communication Services,Movies & Entertainment,2013-07-01,,,True
208,FOX,Fox Corporation (Class B),Communication Services,Movies & Entertainment,2015-09-18,,,True
209,BEN,Franklin Templeton,Financials,Asset Management & Custody Banks,1998-04-30,,,True
210,FCX,Freeport-McMoRan,Materials,Copper,,,,True
211,GRMN,Garmin,Consumer Discretionary,Consumer Electronics,2012-12-12,,,True
212,IT,Gartner,Information Technology,IT Consulting & Other Services,2017-04-05,,,True
213,GEHC,GE HealthCare,Health Care,Health Care Technology,2023-01-04,,,True
214,GEN,Gen Digital,Information Technology,Application Software,2003-03-25,,,True
215,GNRC,Generac,Industrials,Electrical Components & Equipment,2021-03-22,,,True
216,GD,General Dynamics,Industrials,Aerospace & Defense,1957-03-04,,,True
217,GE,General Electric,Industrials,Industrial Conglomerates,1957-03-04,,,True
218,GIS,General Mills,Consumer Staples,Packaged Foods & Meats,1957-03-04,,,True
219,GM,General Motors,Consumer Discretionary,Automobile Manufacturers,2013-06-06,,,True
220,GPC,Genuine Parts Company,Consumer Discretionary,Specialty Stores,1973-12-31,,,True
221,GILD,Gilead Sciences,Health Care,Biotechnology,2004-07-01,,,True
222,GL,Globe Life,Financials,Life & Health Insurance,1989-04-30,,,True
223,GPN,Global Payments,Information Technology,Data Processing & Outsourced Services,2016-04-25,,,True
224,GS,Goldman Sachs,Financials,Investment Banking & Brokerage,2002-07-22,,,True
225,HAL,Halliburton,Energy,Oil & Gas Equipment & Services,1957-03-04,,,True
226,HIG,Hartford (The),Financials,Property & Casualty Insurance,1957-03-04,,,True
227,HAS,Hasbro,Consumer Discretionary,Leisure Products,1984-09-30,,,True
228,HCA,HCA Healthcare,Health Care,Health Care Facilities,2015-01-27,,,True
229,PEAK,Healthpeak,Real Estate,Health Care REITs,2008-03-31,,,True
230,HSIC,Henry Schein,Health Care,Health Care Distributors,2015-03-17,,,True
231,HSY,Hershey's,Consumer Staples,Packaged Foods & Meats,1957-03-04,,,True
232,HES,Hess Corporation,Energy,Integrated Oil & Gas,1984-05-31,,,True
233,HPE,Hewlett Packard Enterprise,Information Technology,"Technology Hardware, Storage & Peripherals",2015-11-02,,,True
234,HLT,Hilton Worldwide,Consumer Discretionary,"Hotels, Resorts & Cruise Lines",2017-06-19,,,True
235,HOLX,Hologic,Health Care,Health Care Equipment,2016-03-30,,,True
236,HD,Home Depot (The),Consumer Discretionary,Home Improvement Retail,1988-03-31,,,True
237,HON,Honeywell,Industrials,Industrial Conglomerates,1957-03-04,,,True
238,HRL,Hormel Foods,Consumer Staples,Packaged Foods & Meats,2009-03-04,,,True
239,HST,Host Hotels & Resorts,Real Estate,Hotel & Resort REITs,2007-03-20,,,True
240,HWM,Howmet Aerospace,Industrials,Aerospace & Defense,1957-03-04,,,True
241,HPQ,HP Inc.,Information Technology,"Technology Hardware, Storage & Peripherals",1974-12-31,,,True
242,HUM,Humana,Health Care,Managed Health Care,,,,True
243,HBAN,Huntington Bancshares,Financials,Regional Banks,1997-08-28,,,True
244,HII,Huntington Ingalls Industries,Industrials,Aerospace & Defense,2018-01-03,,,True
245,IBM,IBM,Information Technology,IT Consulting & Other Services,1957-03-04,,,True
246,IEX,IDEX Corporation,Industrials,Industrial Machinery,2019-08-09,,,True
247,IDXX,Idexx Laboratories,Health Care,Health Care Equipment,2017-01-05,,,True
248,ITW,Illinois Tool Works,Industrials,Industrial Machinery,1986-02-28,,,True
249,ILMN,Illumina,Health Care,Life Sciences Tools & Services,2015-11-19,,,True
250,INCY,Incyte,Health Care,Biotechnology,2017-02-28,,,True
251,IR,Ingersoll Rand,Industrials,Industrial Machinery,2020-03-03,,,True
252,INTC,Intel,Information Technology,Semiconductors,1976-12-31,,,True
253,ICE,Intercontinental Exchange,Financials,Financial Exchanges & Data,2007-09-26,,,True
254,IFF,International Flavors & Fragrances,Materials,Specialty Chemicals,1976-03-31,,,True
255,IP,International Paper,Materials,Paper Packaging,1957-03-04,,,True
256,IPG,Interpublic Group of Companies (The),Communication Services,Advertising,1992-10-01,,,True
257,INTU,Intuit,Information Technology,Application Software,2000-12-05,,,True
258,ISRG,Intuitive Surgical,Health Care,Health Care Equipment,2008-06-02,,,True
259,IVZ,Invesco,Financials,Asset Management & Custody Banks,2008-08-21,,,True
260,INVH,Invitation Homes,Real Estate,Residential REITs,2022-09-19,,,True
261,IQV,IQVIA,Health Care,Life Sciences Tools & Services,2017-08-29,,,True
262,IRM,Iron Mountain,Real Estate,Specialized REITs,2009-01-06,,,True
263,JBHT,J.B. Hunt,Industrials,Trucking,2015-07-01,,,True
264,JKHY,Jack Henry & Associates,Information Technology,Data Processing & Outsourced Services,2018-11-13,,,True
265,J,Jacobs Solutions,Industrials,Construction & Engineering,2007-10-26,,,True
266,JNJ,Johnson & Johnson,Health Care,Pharmaceuticals,1973-06-30,,,True
267,JCI,Johnson Controls,Industrials,Building Products,2010-08-27,,,True
268,JPM,JPMorgan Chase,Financials,Diversified Banks,1975-06-30,,,True
269,JNPR,Juniper Networks,Information Technology,Communications Equipment,2006-06-02,,,True
270,K,Kellogg's,Consumer Staples,Packaged Foods & Meats,1989-09-11,,,True
271,KDP,Keurig Dr Pepper,Consumer Staples,Soft Drinks,2022-06-21,,,True
272,KEY,KeyCorp,Financials,Regional Banks,1994-03-01,,,True
273,KEYS,Keysight,Information Technology,Electronic Equipment & Instruments,2018-11-06,,,True
274,KMB,Kimberly-Clark,Consumer Staples,Household Products,1957-03-04,,,True
275,KIM,Kimco Realty,Real Estate,Retail REITs,2006-04-04,,,True
276,KMI,Kinder Morgan,Energy,Oil & Gas Storage & Transportation,2012-05-25,,,True
277,KLAC,KLA Corporation,Information Technology,Semiconductor Equipment,1997-09-30,,,True
278,KHC,Kraft Heinz,Consumer Staples,Packaged Foods & Meats,2015-07-06,,,True
279,KR,Kroger,Consumer Staples,Food Retail,1957-03-04,,,True
280,LHX,L3Harris,Industrials,Aerospace & Defense,2008-09-22,,,True
281,LH,LabCorp,Health Care,Health Care Services,2004-11-01,,,True
282,LRCX,Lam Research,Information Technology,Semiconductor Equipment,2012-06-29,,,True
283,LW,Lamb Weston,Consumer Staples,Packaged Foods & Meats,2018-12-03,,,True
284,LVS,Las Vegas Sands,Consumer Discretionary,Casinos & Gaming,2019-10-03,,,True
285,LDOS,Leidos,Industrials,Diversified Support Services,2019-08-09,,,True
286,LEN,Lennar,Consumer Discretionary,Homebuilding,2005-10-04,,,True
287,LNC,Lincoln Financial,Financials,Multi-line Insurance,1976-06-30,,,True
288,LIN,Linde plc,Materials,Industrial Gases,1992-07-01,,,True
289,LYV,Live Nation Entertainment,Communication Services,Movies & Entertainment,2019-12-23,,,True
290,LKQ,LKQ Corporation,Consumer Discretionary,Distributors,2016-05-23,,,True
291,LMT,Lockheed Martin,Industrials,Aerospace & Defense,1957-03-04,,,True
292,L,Loews Corporation,Financials,Multi-line Insurance,1995-05-31,,,True
293,LOW,Lowe's,Consumer Discretionary,Home Improvement Retail,1984-02-29,,,True
294,LUMN,Lumen Technologies,Communication Services,Alternative Carriers,1999-03-25,,,True
295,LYB,LyondellBasell,Materials,Specialty Chemicals,2012-09-05,,,True
296,MTB,M&T Bank,Financials,Regional Banks,2004-02-23,,,True
297,MRO,Marathon Oil,Energy,Oil & Gas Exploration & Production,1957-03-04,,,True
298,MPC,Marathon Petroleum,Energy,Oil & Gas Refining & Marketing,2011-07-01,,,True
299,MKTX,MarketAxess,Financials,Financial Exchanges & Data,2019-07-01,,,True
300,MAR,Marriott International,Consumer Discretionary,"Hotels, Resorts & Cruise Lines",1998-05-29,,,True
301,MMC,Marsh McLennan,Financials,Insurance Brokers,1987-08-31,,,True
302,MLM,Martin Marietta Materials,Materials,Construction Materials,2014-07-02,,,True
303,MAS,Masco,Industrials,Building Products,1981-06-30,,,True
304,MA,Mastercard,Information Technology,Data Processing & Outsourced Services,2008-07-18,,,True
305,MTCH,Match Group,Communication Services,Interactive Media & Services,2021-09-20,,,True
306,MKC,McCormick & Company,Consumer Staples,Packaged Foods & Meats,2003-03-20,,,True
307,MCD,McDonald's,Consumer Discretionary,Restaurants,1970-06-30,,,True
308,MCK,McKesson,Health Care,Health Care Distributors,1999-01-13,,,True
309,MDT,Medtronic,Health Care,Health Care Equipment,1986-10-31,,,True
310,MRK,Merck & Co.,Health Care,Pharmaceuticals,1957-03-04,,,True
311,META,Meta Platforms,Communication Services,Interactive Media & Services,2013-12-23,,,True
312,MET,MetLife,Financials,Life & Health Insurance,2000-12-11,,,True
313,MTD,Mettler Toledo,Health Care,Life Sciences Tools & Services,2016-09-06,,,True
314,MGM,MGM Resorts,Consumer Discretionary,Casinos & Gaming,2017-07-26,,,True
315,MCHP,Microchip Technology,Information Technology,Semiconductors,2007-09-07,,,True
316,MU,Micron Technology,Information Technology,Semiconductors,1994-09-27,,,True
317,MSFT,Microsoft,Information Technology,Systems Software,1994-06-01,,,True
318,MAA,Mid-America Apartment Communities,Real Estate,Residential REITs,2016-12-02,,,True
319,MRNA,Moderna,Health Care,Biotechnology,2021-07-21,,,True
320,MHK,Mohawk Industries,Consumer Discretionary,Home Furnishings,2013-12-23,,,True
321,MOH,Molina Healthcare,Health Care,Managed Health Care,2022-03-02,,,True
322,TAP,Molson Coors Beverage Company,Consumer Staples,Brewers,1976-06-30,,,True
323,MDLZ,Mondelez International,Consumer Staples,Packaged Foods & Meats,2012-10-02,,,True
324,MPWR,Monolithic Power Systems,Information Technology,Semiconductors,2021-02-12,,,True
325,MNST,Monster Beverage,Consumer Staples,Soft Drinks,2012-06-28,,,True
326,MCO,Moody's Corporation,Financials,Financial Exchanges & Data,1998-07-01,,,True
327,MS,Morgan Stanley,Financials,Investment Banking & Brokerage,1993-07-29,,,True
328,MOS,Mosaic Company (The),Materials,Fertilizers & Agricultural Chemicals,2011-09-26,,,True
329,MSI,Motorola Solutions,Information Technology,Communications Equipment,1957-03-04,,,True
330,MSCI,MSCI,Financials,Financial Exchanges & Data,2018-04-04,,,True
331,NDAQ,"Nasdaq, Inc.",Financials,Financial Exchanges & Data,2008-10-22,,,True
332,NTAP,NetApp,Information Technology,"Technology Hardware, Storage & Peripherals",1999-06-25,,,True
333,NFLX,Netflix,Communication Services,Movies & Entertainment,2010-12-20,,,True
334,NWL,Newell Brands,Consumer Discretionary,Housewares & Specialties,1989-04-30,,,True
335,NEM,Newmont,Materials,Gold,1969-06-30,,,True
336,NWSA,News Corp (Class A),Communication Services,Publishing,2013-08-01,,,True
337,NWS,News Corp (Class B),Communication Services,Publishing,2015-09-18,,,True
338,NEE,NextEra Energy,Utilities,Multi-Utilities,1976-06-30,,,True
339,NKE,"Nike, Inc.",Consumer Discretionary,"Apparel, Accessories & Luxury Goods",1988-11-30,,,True
340,NI,NiSource,Utilities,Multi-Utilities,2000-11-02,,,True
341,NDSN,Nordson Corporation,Industrials,Industrial Machinery,2022-02-15,,,True
342,NSC,Norfolk Southern Railway,Industrials,Railroads,1957-03-04,,,True
343,NTRS,Northern Trust,Financials,Asset Management & Custody Banks,1998-01-30,,,True
344,NOC,Northrop Grumman,Industrials,Aerospace & Defense,1957-03-04,,,True
345,NCLH,Norwegian Cruise Line Holdings,Consumer Discretionary,"Hotels, Resorts & Cruise Lines",2017-10-13,,,True
346,NRG,NRG Energy,Utilities,Independent Power Producers & Energy Traders,2010-01-29,,,True
347,NUE,Nucor,Materials,Steel,1985-04-30,,,True
348,NVDA,Nvidia,Information Technology,Semiconductors,2001-11-30,,,True
349,NVR,"NVR, Inc.",Consumer Discretionary,Homebuilding,2019-09-26,,,True
350,NXPI,NXP Semiconductors,Information Technology,Semiconductors,2021-03-22,,,True
351,ORLY,O'Reilly Auto Parts,Consumer Discretionary,Specialty Stores,2009-03-27,,,True
352,OXY,Occidental Petroleum,Energy,Oil & Gas Exploration & Production,1957-03-04,,,True
353,ODFL,Old Dominion,Industrials,Trucking,2019-12-09,,,True
354,OMC,Omnicom Group,Communication Services,Advertising,1997-12-31,,,True
355,ON,ON Semiconductor,Information Technology,Semiconductors,2022-06-21,,,True
356,OKE,ONEOK,Energy,Oil & Gas Storage & Transportation,2010-03-15,,,True
357,ORCL,Oracle Corporation,Information Technology,Application Software,1989-08-31,,,True
358,OGN,Organon & Co.,Health Care,Pharmaceuticals,2021-06-03,,,True
359,OTIS,Otis Worldwide,Industrials,Industrial Machinery,2020-04-03,,,True
360,PCAR,Paccar,Industrials,Construction Machinery & Heavy Trucks,1980-12-31,,,True
361,PKG,Packaging Corporation of America,Materials,Paper Packaging,2017-07-26,,,True
362,PARA,Paramount Global,Communication Services,Movies & Entertainment,1994-09-30,,,True
363,PH,Parker Hannifin,Industrials,Industrial Machinery,1985-11-30,,,True
364,PAYX,Paychex,Information Technology,Data Processing & Outsourced Services,1998-10-01,,,True
365,PAYC,Paycom,Information Technology,Application Software,2020-01-28,,,True
366,PYPL,PayPal,Information Technology,Data Processing & Outsourced Services,2015-07-20,,,True
367,PNR,Pentair,Industrials,Industrial Machinery,2012-10-01,,,True
368,PEP,PepsiCo,Consumer Staples,Soft Drinks,1957-03-04,,,True
369,PKI,PerkinElmer,Health Care,Health Care Equipment,1985-05-31,,,True
370,PFE,Pfizer,Health Care,Pharmaceuticals,1957-03-04,,,True
371,PCG,PG&E Corporation,Utilities,Multi-Utilities,2022-10-03,,,True
372,PM,Philip Morris International,Consumer Staples,Tobacco,2008-03-31,,,True
373,PSX,Phillips 66,Energy,Oil & Gas Refining & Marketing,2012-05-01,,,True
374,PNW,Pinnacle West,Utilities,Multi-Utilities,1999-10-04,,,True
375,PXD,Pioneer Natural Resources,Energy,Oil & Gas Exploration & Production,2008-09-24,,,True
376,PNC,PNC Financial Services,Financials,Regional Banks,1988-04-30,,,True
377,POOL,Pool Corporation,Consumer Discretionary,Distributors,2020-10-07,,,True
378,PPG,PPG Industries,Materials,Specialty Chemicals,1957-03-04,,,True
379,PPL,PPL Corporation,Utilities,Electric Utilities,2001-10-01,,,True
380,PFG,Principal Financial Group,Financials,Life & Health Insurance,2002-07-22,,,True
381,PG,Procter & Gamble,Consumer Staples,Personal Products,1957-03-04,,,True
382,PGR,Progressive Corporation,Financials,Property & Casualty Insurance,1997-08-04,,,True
383,PLD,Prologis,Real Estate,Industrial REITs,2003-07-17,,,True
384,PRU,Prudential Financial,Financials,Life & Health Insurance,2002-07-22,,,True
385,PEG,Public Service Enterprise Group,Utilities,Electric Utilities,1957-03-04,,,True
386,PTC,PTC,Information Technology,Application Software,2021-04-20,,,True
387,PSA,Public Storage,Real Estate,Specialized REITs,2005-08-19,,,True
388,PHM,PulteGroup,Consumer Discretionary,Homebuilding,1984-04-30,,,True
389,QRVO,Qorvo,Information Technology,Semiconductors,2015-06-11,,,True
390,PWR,Quanta Services,Industrials,Construction & Engineering,2009-07-01,,,True
391,QCOM,Qualcomm,Information Technology,Semiconductors,1999-07-22,,,True
392,DGX,Quest Diagnostics,Health Care,Health Care Services,2002-12-12,,,True
393,RL,Ralph Lauren Corporation,Consumer Discretionary,"Apparel, Accessories & Luxury Goods",2007-02-02,,,True
394,RJF,Raymond James,Financials,Investment Banking & Brokerage,2017-03-20,,,True
395,RTX,Raytheon Technologies,Industrials,Aerospace & Defense,1957-03-04,,,True
396,O,Realty Income,Real Estate,Retail REITs,2015-04-07,,,True
397,REG,Regency Centers,Real Estate,Retail REITs,2017-03-02,,,True
398,REGN,Regeneron,Health Care,Biotechnology,2013-05-01,,,True
399,RF,Regions Financial Corporation,Financials,Regional Banks,1998-08-28,,,True
400,RSG,Republic Services,Industrials,Environmental & Facilities Services,2008-12-05,,,True
401,RMD,ResMed,Health Care,Health Care Equipment,2017-07-26,,,True
402,RHI,Robert Half,Industrials,Human Resource & Employment Services,2000-12-05,,,True
403,ROK,Rockwell Automation,Industrials,Electrical Components & Equipment,,,,True
404,ROL,"Rollins, Inc.",Industrials,Environmental & Facilities Services,2018-10-01,,,True
405,ROP,Roper Technologies,Information Technology,Electronic Equipment & Instruments,2009-12-23,,,True
406,ROST,Ross Stores,Consumer Discretionary,Apparel Retail,2009-12-21,,,True
407,RCL,Royal Caribbean Group,Consumer Discretionary,"Hotels, Resorts & Cruise Lines",2014-12-05,,,True
408,SPGI,S&P Global,Financials,Financial Exchanges & Data,1957-03-04,,,True
409,CRM,Salesforce,Information Technology,Application Software,2008-09-15,,,True
410,SBAC,SBA Communications,Real Estate,Specialized REITs,2017-09-01,,,True
411,SLB,Schlumberger,Energy,Oil & Gas Equipment & Services,1957-03-04,,,True
412,STX,Seagate Technology,Information Technology,"Technology Hardware, Storage & Peripherals",2012-07-02,,,True
413,SEE,Sealed Air,Materials,Paper Packaging,1957-03-04,,,True
414,SRE,Sempra Energy,Utilities,Multi-Utilities,2001?,,,True
415,NOW,ServiceNow,Information Technology,Systems Software,2019-11-21,,,True
416,SHW,Sherwin-Williams,Materials,Specialty Chemicals,1964-06-30,,,True
417,SBNY,Signature Bank,Financials,Regional Banks,2021-12-20,,,True
418,SPG,Simon Property Group,Real Estate,Retail REITs,2002-06-26,,,True
419,SWKS,Skyworks Solutions,Information Technology,Semiconductors,2015-03-12,,,True
420,SJM,J.M. Smucker Company (The),Consumer Staples,Packaged Foods & Meats,2008-11-06,,,True
421,SNA,Snap-on,Industrials,Industrial Machinery,1982-09-30,,,True
422,SEDG,SolarEdge,Information Technology,Semiconductor Equipment,2021-12-20,,,True
423,SO,Southern Company,Utilities,Electric Utilities,1957-03-04,,,True
424,LUV,Southwest Airlines,Industrials,Airlines,1994-07-01,,,True
425,SWK,Stanley Black & Decker,Industrials,Industrial Machinery,1982-09-30,,,True
426,SBUX,Starbucks,Consumer Discretionary,Restaurants,2000-06-07,,,True
427,STT,State Street Corporation,Financials,Asset Management & Custody Banks,2003-03-14,,,True
428,STLD,Steel Dynamics,Materials,Steel,2022-12-22,,,True
429,STE,Steris,Health Care,Health Care Equipment,2019-12-23,,,True
430,SYK,Stryker Corporation,Health Care,Health Care Equipment,2000-12-12,,,True
431,SIVB,SVB Financial Group,Financials,Regional Banks,2018-03-19,,,True
432,SYF,Synchrony Financial,Financials,Consumer Finance,2015-11-18,,,True
433,SNPS,Synopsys,Information Technology,Application Software,2017-03-16,,,True
434,SYY,Sysco,Consumer Staples,Food Distributors,1986-12-31,,,True
435,TMUS,T-Mobile US,Communication Services,Wireless Telecommunication Services,2019-07-15,,,True
436,TROW,T. Rowe Price,Financials,Asset Management & Custody Banks,,,,True
437,TTWO,Take-Two Interactive,Communication Services,Interactive Home Entertainment,2018-03-19,,,True
438,TPR,"Tapestry, Inc.",Consumer Discretionary,"Apparel, Accessories & Luxury Goods",2004-09-01,,,True
439,TRGP,Targa Resources,Energy,Oil & Gas Storage & Transportation,2022-10-12,,,True
440,TGT,Target Corporation,Consumer Discretionary,General Merchandise Stores,1976-12-31,,,True
441,TEL,TE Connectivity,Information Technology,Electronic Manufacturing Services,2011-10-17,,,True
442,TDY,Teledyne Technologies,Information Technology,Electronic Equipment & Instruments,2020-06-22,,,True
443,TFX,Teleflex,Health Care,Health Care Equipment,2019-01-18,,,True
444,TER,Teradyne,Information Technology,Semiconductor Equipment,2020-09-21,,,True
445,TSLA,"Tesla, Inc.",Consumer Discretionary,Automobile Manufacturers,2020-12-21,,,True
446,TXN,Texas Instruments,Information Technology,Semiconductors,,,,True
447,TXT,Textron,Industrials,Aerospace & Defense,1978-12-31,,,True
448,TMO,Thermo Fisher Scientific,Health Care,Life Sciences Tools & Services,2004-08-03,,,True
449,TJX,TJX Companies,Consumer Discretionary,Apparel Retail,1985-09-30,,,True
450,TSCO,Tractor Supply,Consumer Discretionary,Specialty Stores,2014-01-24,,,True
451,TT,Trane Technologies,Industrials,Building Products,2010-11-17,,,True
452,TDG,TransDigm Group,Industrials,Aerospace & Defense,2016-06-03,,,True
453,TRV,Travelers Companies (The),Financials,Property & Casualty Insurance,2002-08-21,,,True
454,TRMB,Trimble Inc.,Information Technology,Electronic Equipment & Instruments,2021-01-21,,,True
455,TFC,Truist,Financials,Regional Banks,1997-12-04,,,True
456,TYL,Tyler Technologies,Information Technology,Application Software,2020-06-22,,,True
457,TSN,Tyson Foods,Consumer Staples,Packaged Foods & Meats,2005-08-10,,,True
458,USB,U.S. Bank,Financials,Diversified Banks,,,,True
459,UDR,"UDR, Inc.",Real Estate,Residential REITs,2016-03-07,,,True
460,ULTA,Ulta Beauty,Consumer Discretionary,Specialty Stores,2016-04-18,,,True
461,UNP,Union Pacific Corporation,Industrials,Railroads,1957-03-04,,,True
462,UAL,United Airlines Holdings,Industrials,Airlines,2015-09-03,,,True
463,UPS,United Parcel Service,Industrials,Air Freight & Logistics,2002-07-22,,,True
464,URI,United Rentals,Industrials,Trading Companies & Distributors,2014-09-20,,,True
465,UNH,UnitedHealth Group,Health Care,Managed Health Care,1994-07-01,,,True
466,UHS,Universal Health Services,Health Care,Health Care Facilities,2014-09-20,,,True
467,VLO,Valero Energy,Energy,Oil & Gas Refining & Marketing,2002-12-20,,,True
468,VTR,Ventas,Real Estate,Health Care REITs,2009-03-04,,,True
469,VRSN,Verisign,Information Technology,Internet Services & Infrastructure,2006-02-01,,,True
470,VRSK,Verisk,Industrials,Research & Consulting Services,2015-10-08,,,True
471,VZ,Verizon,Communication Services,Integrated Telecommunication Services,1983-11-30,,,True
472,VRTX,Vertex Pharmaceuticals,Health Care,Biotechnology,2013-09-23,,,True
473,VFC,VF Corporation,Consumer Discretionary,"Apparel, Accessories & Luxury Goods",1979-06-30,,,True
474,VTRS,Viatris,Health Care,Pharmaceuticals,2004-04-23,,,True
475,VICI,Vici Properties,Real Estate,Hotel & Resort REITs,2022-06-08,,,True
476,V,Visa Inc.,Information Technology,Data Processing & Outsourced Services,2009-12-21,,,True
477,VMC,Vulcan Materials Company,Materials,Construction Materials,1999-06-30,,,True
478,WAB,Wabtec,Industrials,Construction Machinery & Heavy Trucks,2019-02-27,,,True
479,WBA,Walgreens Boots Alliance,Consumer Staples,Drug Retail,1979-12-31,,,True
480,WMT,Walmart,Consumer Staples,Hypermarkets & Super Centers,1982-08-31,,,True
481,WBD,Warner Bros. Discovery,Communication Services,Broadcasting,2022-04-11,,,True
482,WM,Waste Management,Industrials,Environmental & Facilities Services,,,,True
483,WAT,Waters Corporation,Health Care,Health Care Distributors,2002-01-02,,,True
484,WEC,WEC Energy Group,Utilities,Electric Utilities,2008-10-31,,,True
485,WFC,Wells Fargo,Financials,Diversified Banks,1976-06-30,,,True
486,WELL,Welltower,Real Estate,Health Care REITs,2009-01-30,,,True
487,WST,West Pharmaceutical Services,Health Care,Health Care Supplies,2020-05-22,,,True
488,WDC,Western Digital,Information Technology,"Technology Hardware, Storage & Peripherals",2009-07-01,,,True
489,WRK,WestRock,Materials,Paper Packaging,1957-03-04,,,True
490,WY,Weyerhaeuser,Real Estate,Specialized REITs,,,,True
491,WHR,Whirlpool Corporation,Consumer Discretionary,Household Appliances,,,,True
492,WMB,Williams Companies,Energy,Oil & Gas Storage & Transportation,1975-03-31,,,True
493,WTW,Willis Towers Watson,Financials,Insurance Brokers,2016-01-05,,,True
494,GWW,W. W. Grainger,Industrials,Industrial Machinery,1981-06-30,,,True
495,WYNN,Wynn Resorts,Consumer Discretionary,Casinos & Gaming,2008-11-14,,,True
496,XEL,Xcel Energy,Utilities,Multi-Utilities,1957-03-04,,,True
497,XYL,Xylem Inc.,Industrials,Industrial Machinery,2011-11-01,,,True
498,YUM,Yum! Brands,Consumer Discretionary,Restaurants,1997-10-06,,,True
499,ZBRA,Zebra Technologies,Information Technology,Electronic Equipment & Instruments,2019-12-23,,,True
500,ZBH,Zimmer Biomet,Health Care,Health Care Equipment,2001-08-07,,,True
501,ZION,Zions Bancorporation,Financials,Regional Banks,2001-06-22,,,True
502,ZTS,Zoetis,Health Care,Pharmaceuticals,2013-06-21,,,True
503,MBC,MasterBrand,,,2022-12-15,2022-12-19,Market capitalization change.[7],False
504,PENN,Penn Entertainment,,,2021-03-22,2022-09-19,Market capitalization change.[11],False
505,VNT,Vontier,,,2020-10-09,2021-03-22,Market capitalization change.[25],False
506,BMS,Bemis,,,2019-06-07,2019-06-11,BMS changed to AMCR post merger with Amcor;[51] subsequently renamed to Amcor[52],False
507,MXIM,Maxim Integrated,,,2018-12-03,2021-08-30,S&P 500 constituent Analog Devices acquired Maxim Integrated Products.[20],False
508,WCG,WellCare,,,2018-09-14,2020-01-28,S&P 500 constituent Centene Corp. (NYSE: CNC) acquired Wellcare Health Plans.[40],False
509,HFC,HollyFrontier,,,2018-06-18,2021-06-04,Market capitalization change.[22],False
510,TWTR,Twitter,,,2018-06-07,2022-11-01,Elon Musk acquired Twitter.[8],False
511,ABMD,Abiomed,,,2018-05-31,2022-12-22,S&P 500 constituent Johnson & Johnson acquired Abiomed.[6],False
512,NKTR,Nektar Therapeutics,,,2018-03-19,2019-10-03,Market capitalization change.[45],False
513,IPGP,IPG Photonics,,,2018-03-07,2022-06-21,Market capitalization change.[12],False
514,DWDP,DowDuPont Inc.,,,2017-09-01,2019-06-03,DWDP changed to DD after spinning off Corteva.[54],False
515,Q,Qwest Communications,,,2017-08-29,2011-03-31,Acquired by CenturyLink[203],False
516,BHF,Brighthouse Financial,,,2017-08-08,2019-04-02,DOW spun off from DWDP[55],False
517,DRE,Duke Realty,,,2017-07-26,2022-10-03,S&P 500 constituent Prologis Inc. acquired Duke Realty.[10],False
518,INFO,IHS Markit,,,2017-06-02,2022-03-02,S&P 500 constituent S&P Global Inc. acquired IHS Markit.[14],False
519,EVHC,Envision Healthcare,,,2016-12-02,2018-10-11,EVHC acquired by KKR.[64],False
520,ARNC,Arconic,,,2016-11-01,2020-04-01,Arconic separated into 2 companies - Howmet remained on the index.[37],False
521,COTY,Coty,,,2016-09-30,2020-09-21,Market capitalization change.[32],False
522,FBHS,Fortune Brands Home & Security,,,2016-06-22,2022-12-19,Market capitalization change.[7],False
523,AYI,Acuity Brands,,,2016-05-03,2018-06-18,Market capitalization change.[70],False
524,UA,Under Armour,,,2016-04-08,2022-06-21,Market capitalization change.[12] Under Armour Class C Shares.,False
525,FL,Foot Locker,,,2016-04-04,2019-08-09,Market capitalization change.[48],False
526,CXO,Concho Resources,,,2016-02-22,2021-01-21,S&P 500/100 constituent ConocoPhillips acquired Concho Resources.[27],False
527,WLTW,Willis Towers Watson,,,2016-01-05,,,False
528,CSRA,CSRA,,,2015-12-01,2018-04-04,S&P 500 constituent General Dynamics (NYSE: GD) acquired CSRA.[74],False
529,SIG,Signet Jewelers,,,2015-07-29,2018-03-19,Market capitalization change.[75],False
530,CPGX,Columbia Pipeline Group,,,2015-07-02,2016-07-05,CPGX acquired by TRP[100],False
531,BXLT,Baxalta,,,2015-07-01,2016-06-03,SHPG acquiring BXLT[103],False
532,SLG,SL Green Realty,,,2015-03-23,2021-03-22,Market capitalization change.[25],False
533,HBI,Hanesbrands,,,2015-03-23,2021-12-20,Market capitalization change.[17],False
534,LVLT,Level 3 Communications,,,2014-11-05,2017-10-13,CenturyLink acquired LVLT.[78],False
535,MNK,Mallinckrodt,,,2014-08-18,2017-07-26,Market capitalization change.[82],False
536,DISCK,Discovery Communications,,,2014-08-06,,,False
537,AMG,Affiliated Managers Group,,,2014-07-01,2019-12-23,Market capitalization change.[41],False
538,XEC,Cimarex Energy,,,2014-06-20,2020-03-02,"Gardner Denver acquired Ingersoll Rand's industrial businesses then changed its name to the ""new"" Ingersoll Rand Inc.[38][39]",False
539,NAVI,Navient,,,2014-05-01,2018-06-05,Westar Energy (NYSE: WR) acquired Great Plains Energy (NYSE: GXP) and changed name to Evergy.[72],False
540,GMCR,Keurig Green Mountain,,,2014-03-21,2016-03-07,JAB Holding Company acquired Keurig Green Mountain[113],False
541,ADS,Alliance Data Systems,,,2013-12-23,2020-06-22,Market capitalization change.[33],False
542,GGP,GGP,,,2013-12-10,2018-08-28,GGP acquired by Brookfield Property Partners.[67],False
543,KORS,Michael Kors,,,2013-11-13,,,False
544,RIG,Transocean,,,2013-10-29,2017-07-26,Market capitalization change.[82],False
545,NLSN,Nielsen Holdings,,,2013-07-08,2022-10-12,Elliot Management Corp acquired Nielsen Holdings.[9],False
546,KSU,Kansas City Southern,,,2013-05-23,2021-12-14,Canadian Pacific acquired Kansas City Southern.[18],False
547,MAC,Macerich,,,2013-05-08,2019-12-23,Market capitalization change.[41],False
548,PVH,PVH,,,2013-02-15,2022-09-19,Market capitalization change.[11],False
549,DLPH,Delphi Automotive,,,2012-12-21,,,False
550,PETM,PetSmart,,,2012-10-10,2015-03-12,PetSmart acquired by private equity consortium[141],False
551,KRFT,Kraft Foods,,,2012-10-02,2015-07-06,Kraft merger with Heinz.[132],False
552,ADT,ADT,,,2012-10-01,2016-05-03,ADT acquired by APO[108],False
553,ESV,Ensco,,,2012-07-31,2016-03-30,Centene acquired Health Net.[112],False
554,ALXN,Alexion Pharmaceuticals,,,2012-05-21,2021-07-21,AstraZeneca acquired Alexion Pharmaceuticals.[21],False
555,FOSL,Fossil Group,,,2012-04-03,2016-01-05,WSH merges with TW (and renames to WLTW)[119],False
556,WPX,WPX Energy,,,2011-12-31,2014-03-21,Market capitalization changes[156],False
557,TRIP,TripAdvisor,,,2011-12-20,2019-12-23,Market capitalization change.[41],False
558,PRGO,Perrigo,,,2011-12-16,2021-09-20,Market capitalization change.[19],False
559,GAS,AGL Resources,,,2011-12-12,2016-07-01,GAS acquired by SO[101],False
560,CBE,Cooper Industries,,,2011-11-18,2012-12-03,Acquired by Eaton Corp. (ETN)[176],False
561,ANR,Alpha Natural Resources,,,2011-06-01,2012-10-02,Kraft split into two companies[178],False
562,COV,Covidien,,,2011-02-28,2015-01-27,Covidien acquired by Medtronic[143],False
563,JOYG,Joy Global,,,2011-02-25,,,False
564,CVC,Cablevision Systems,,,2010-12-17,2016-06-22,CVC acquired by Altice NV[102],False
565,NFX,Newfield Exploration,,,2010-12-17,2019-02-15,ECA acquired NFX[57],False
566,TYC,Tyco International,,,2010-08-26,2016-09-06,TYC acquires JCI (and retains JCI ticker).[99],False
567,QEP,QEP Resources,,,2010-06-30,2015-07-01,Baxalta spun off by Baxter.[135],False
568,CERN,Cerner,,,2010-04-29,2022-06-08,S&P 500 constituent Oracle Corp. acquired Cerner.[12],False
569,HP,Helmerich & Payne,,,2010-02-26,2020-05-22,Market capitalization change.[34],False
570,MJN,Mead Johnson,,,2009-12-18,2017-06-19,Reckitt Benckiser acquired Mead Johnson Nutrition.[84],False
571,CLF,Cliffs Natural Resources,,,2009-12-18,2014-04-02,Market capitalization changes[155],False
572,SAI,SAIC,,,2009-12-18,2013-09-20,Market capitalization change.[163],False
573,PCLN,Priceline.com,,,2009-11-03,,,False
574,ARG,Airgas,,,2009-09-28,2016-05-23,ARG acquired by Air Liquide[105],False
575,FTI,TechnipFMC,,,2009-06-05,2021-02-12,TechnipFMC was removed from the S&P 500 in anticipation of its announced spin-off of Technip Energies.[26],False
576,OI,Owens-Illinois,,,2008-12-31,2016-12-02,Market capitalization change.[94],False
577,HRS,Harris Corporation,,,2008-09-16,,,False
578,AKS,AK Steel,,,2008-07-01,2011-12-16,Market capitalization changes[192],False
579,COG,Cabot Oil & Gas,,,2008-06-23,,,False
580,MEE,Massey Energy,,,2008-06-23,2011-06-01,Alpha Natural Resources acquired Massey Energy.[200],False
581,LO,Lorillard Tobacco Company,,,2008-06-10,2015-06-11,Lorillard gets acquired.[136],False
582,RRC,Range Resources,,,2007-12-20,2018-06-18,Market capitalization change.[70],False
583,GME,GameStop,,,2007-12-13,2016-04-25,Global Payments is acquiring Heartland Payment Systems[109],False
584,JEC,Jacobs Engineering Group,,,2007-10-26,,,False
585,TDC,Teradata,,,2007-10-01,2017-06-19,Market capitalization changes.[83],False
586,TSO,Tesoro Corporation,,,2007-09-27,,,False
587,LUK,Leucadia National,,,2007-08-24,,,False
588,KFT,Kraft Foods,,,2007-03-30,,,False
589,ESRX,Express Scripts,,,2003-09-25,2018-12-24,S&P 500 constituent Cigna (NYSE: CI) acquired ESRX[60],False
590,SBL,Symbol Technologies,,,2000-12-05,2007-01-10,Acquired by Motorola[232],False
591,AYE,Allegheny Energy,,,2000-12-05,2011-02-25,Acquired by First Energy (FE).[205],False
592,ABK,Ambac Financial,,,2000-12-05,2008-06-10,Market Value Decline[225],False
593,JDSU,JDS Uniphase,,,2000-07-27,2013-12-23,Market capitalization changes.[158],False
594,CVG,Convergys,,,2000-06-12,2009-12-18,Market capitalization change.[214],False
595,YHOO,Yahoo!,,,1999-12-07,2017-06-19,VZ acquired YHOO operations; remainder of YHOO converted to closed-end company known as Altaba.[83],False
596,WLP,Wellpoint,,,1999-06-09,,,False
597,FSR,Firstar,,,1998-12-11,,,False
598,CPWR,Compuware,,,1998-12-11,2011-12-31,Market capitalization changes[190],False
599,VNO,Vornado Realty Trust,,,,2023-01-05,Market capitalization change.[4],False
600,CTXS,Citrix Systems,,,,2022-10-03,Vista Equity Partners acquired Citrix Systems.[10],False
601,UAA,Under Armour,,,,2022-06-21,Market capitalization change.[12] Under Armour Class A Shares.,False
602,PBCT,People's United Financial,,,,2022-04-04,S&P 500 constituent M&T Bank Corp. acquired People's United Financial.[13],False
603,XLNX,Xilinx,,,,2022-02-15,S&P 500 constituent Advanced Micro Devices acquired Xilinx.[15],False
604,GPS,Gap Inc.,,,,2022-02-03,Market capitalization change.[16],False
605,LEG,Leggett & Platt,,,,2021-12-20,Market capitalization change.[17],False
606,WU,Western Union,,,,2021-12-20,Market capitalization change.[17],False
607,UNM,Unum,,,,2021-09-20,Market capitalization change.[19],False
608,NOV,Nov,,,,2021-09-20,Market capitalization change.[19],False
609,FLIR,FLIR Systems,,,,2021-05-14,S&P 500 constituent Teledyne Technologies acquired FLIR Systems.[23],False
610,VAR,Varian Medical Systems,,,,2021-04-20,Siemens Healthineers acquired Varian Medical Systems.[24],False
611,FLS,Flowserve,,,,2021-03-22,Market capitalization change.[25],False
612,XRX,Xerox,,,,2021-03-22,Market capitalization change.[25],False
613,TIF,Tiffany & Co,,,,2021-01-07,LVMH Moet Hennessy-Louis Vuitton SE acquired Tiffany & Co.[28],False
614,AIV,Apartment Investment & Management,,,,2020-12-21,Apartment Investment and Management (Aimco) spun off Apartment Income REIT.[29],False
615,NBL,Noble Energy,,,,2020-10-12,Chevron acquired Noble Energy.[30],False
616,ETFC,E-Trade,,,,2020-10-07,Morgan Stanley acquired E*Trade.[31],False
617,HRB,H&R Block,,,,2020-09-21,Market capitalization change.[32],False
618,KSS,Kohl's,,,,2020-09-21,Market capitalization change.[32],False
619,HOG,Harley-Davidson,,,,2020-06-22,Market capitalization change.[33],False
620,JWN,Nordstrom,,,,2020-06-22,Market capitalization change.[33],False
621,CPRI,Capri Holdings,,,,2020-05-12,Market capitalization change.[35],False
622,AGN,Allergan,,,,2020-05-12,Allergan acquired by AbbVie.[35],False
623,M,Macy's,,,,2020-04-06,Market capitalization change.[36],False
624,RTN,Raytheon Company,,,,2020-04-06,United Technologies spun off Otis and Carrier and acquired Raytheon Company.[36],False
625,STI,SunTrust Banks,,,,2019-12-09,BB&T acquired SunTrust to form Truist Financial.[42],False
626,VIAB,Viacom,,,,2019-12-05,CBS acquired Viacom to form ViacomCBS.[43],False
627,CELG,Celgene,,,,2019-11-21,Bristol-Myers Squibb (NYSE:BMY) acquired Celgene.[44],False
628,JEF,Jefferies Financial Group,,,,2019-09-26,JEF spun off SPB.[46],False
629,TSS,TSYS,,,,2019-09-23,S&P 500 constituent Global Payments (NYSE: GPN) acquired TSS.[47],False
630,APC,Anadarko Petroleum,,,,2019-08-09,S&P 500 & 100 constituent Occidental Petroleum Corp. (NYSE:OXY) acquired Anadarko Petroleum.[48],False
631,RHT,Red Hat,,,,2019-07-15,S&P 500 & 100 constituent IBM acquired Red Hat.[49],False
632,LLL,L3 Technologies,,,,2019-07-01,L3 purchased by Harris Corporation[50],False
633,MAT,Mattel,,,,2019-06-07,Pending merger of Bemis and Amcor; Bemis treated as the surviving entity.[53],False
634,FLR,Fluor Corporation,,,,2019-06-03,CTVA spun off from DWDP (which then changed symbol to DD)[54],False
635,GT,The Goodyear Tire & Rubber Company,,,,2019-02-27,WAB acquired GE transportation business[56],False
636,SCG,SCANA,,,,2019-01-02,Dominion Energy acquired SCANA Corporation[59],False
637,COL,Rockwell Collins,,,,2018-12-03,UTX acquired COL[61],False
638,AET,Aetna,,,,2018-12-03,CVS acquired Aetna[61],False
639,SRCL,Stericycle,,,,2018-12-03,Market Capitalization change[61],False
640,CA,CA Technologies,,,,2018-11-06,CA acquired by Broadcom.[63],False
641,ANDV,Andeavor,,,,2018-10-01,ANDV acquired by Marathon Petroleum.[65],False
642,XL,XL Group,,,,2018-09-14,XL acquired by AXA.[66],False
643,DPS,Dr Pepper Snapple Group,,,,2018-07-02,DPS acquired by Keurig Green Mountain.[68],False
644,TWX,Time Warner,,,,2018-06-20,AT&T acquired Time Warner.[69],False
645,MON,Monsanto,,,,2018-06-07,Bayer acquired Monsanto.[71],False
646,WYN,Wyndham Worldwide,,,,2018-05-31,Wyndham Worldwide spun off Wyndham Hotels & Resorts (NYSE:WH).[73],False
647,PDCO,Patterson Companies,,,,2018-03-19,Market capitalization change.[75],False
648,CHK,Chesapeake Energy,,,,2018-03-19,Market capitalization change.[75],False
649,SNI,Scripps Networks Interactive,,,,2018-03-07,Discovery Communications acquired SNI.[76],False
650,BCR,CR Bard,,,,2018-01-03,Becton Dickinson acquired BCR.[77],False
651,SPLS,Staples,,,,2017-09-18,Sycamore Partners acquired Staples.[79],False
652,WFM,Whole Foods Market,,,,2017-08-29,Amazon acquired Whole Foods Market.[80],False
653,AN,AutoNation,,,,2017-08-08,"BHF replaced AN,[81] MET spun off BHF[81]",False
654,BBBY,Bed Bath & Beyond,,,,2017-07-26,Market capitalization change.[82],False
655,MUR,Murphy Oil,,,,2017-07-26,Market capitalization change.[82],False
656,RAI,Reynolds American,,,,2017-07-26,British American Tobacco (NYSE MKT:BTI) acquired Reynolds American.[82],False
657,R,Ryder System,,,,2017-06-19,Market capitalization changes.[83],False
658,TGNA,Tegna,,,,2017-06-02,TGNA spins off Cars.com[85],False
659,DNB,Dun & Bradstreet,,,,2017-04-05,IT acquiring CEB[86],False
660,SWN,Southwestern Energy,,,,2017-04-04,"HPE spins off Everett, merged with CSC to form DXC[87][88]",False
661,URBN,Urban Outfitters,,,,2017-03-20,Market capitalization change.[89],False
662,FTR,Frontier Communications,,,,2017-03-20,Market capitalization change.[89],False
663,HAR,Harman International,,,,2017-03-16,Samsung Electronics acquired Harman International Industries.[90],False
664,LLTC,Linear Technology,,,,2017-03-13,S&P 500 constituent Analog Devices (NASD:ADI) acquired Linear Technology.[91],False
665,PBI,Pitney Bowes,,,,2017-03-01,CBOE acquires BATS[92],False
666,SE,Spectra Energy,,,,2017-02-28,SE acquired by ENB[92],False
667,STJ,St Jude Medical,,,,2017-01-05,S&P 100 & 500 constituent Abbott Laboratories (NYSE:ABT) acquired St. Jude Medical.[93],False
668,LM,Legg Mason,,,,2016-12-02,Market capitalization change.[94],False
669,AA,Alcoa Inc,,,,2016-11-01,AA spins off ARNC[95],False
670,DO,Diamond Offshore Drilling,,,,2016-09-30,COTY replaces DO[96],False
671,HOT,Starwood,,,,2016-09-22,MAR acquires HOT[97],False
672,EMC,EMC Corporation,,,,2016-09-08,Dell acquires EMC[98],False
673,TE,TECO Energy,,,,2016-07-01,TE acquired by EMA[100],False
674,CCE,Coca-Cola Enterprises,,,,2016-05-31,CCE merging with European bottlers[104],False
675,TWC,Time Warner Cable,,,,2016-05-18,TWC acquired by CHTR[106],False
676,SNDK,SanDisk,,,,2016-05-13,SNDK acquired by WDC[107],False
677,THC,Tenet Healthcare,,,,2016-04-18,Ulta replaces Tenet[110],False
678,CAM,Cameron International,,,,2016-04-04,Schlumberger acquired Cameron[111],False
679,POM,Pepco Holdings,,,,2016-03-30,Exelon acquired Pepco.[112],False
680,CNX,Consol Energy,,,,2016-03-04,AWK replaces CNX[114],False
681,PCL,Plum Creek Timber,,,,2016-02-22,PCL taken over by WY[115],False
682,PCP,Precision Castparts Corporation,,,,2016-02-01,CFG replaces PCP[116],False
683,BRCM,Broadcom Corporation,,,,2016-02-01,FRT replaces BRCM[117],False
684,ACE,Chubb,,,,2016-01-19,"EXR replaces ACE as ACE Ltd acquires Chubb and retains the CB ticker, giving up ACE[118]",False
685,ALTR,Altera,,,,2015-12-29,ALTR taken over by INTC[120],False
686,CSC,Computer Sciences Corporation,,,,2015-12-01,CSC spins off CSRA[122],False
687,SIAL,Sigma-Aldrich,,,,2015-11-19,Sigma-Aldrich acquired by Merck KGaA (MKGAY)[123],False
688,GNW,Genworth Financial,,,,2015-11-18,GE spinning off Synchrony Financial[124],False
689,HCBK,Hudson City Bancorp,,,,2015-11-02,HPQ spins off HPE[125],False
690,JOY,Joy Global,,,,2015-10-07,Market capitalization change.[126],False
691,HSP,Hospira,,,,2015-09-02,Hospira taken over[128],False
692,PLL,Pall Corporation,,,,2015-08-28,Pall taken over[128],False
693,DTV,DirecTV,,,,2015-07-29,DirecTV acquired by AT&T.[129],False
694,NE,Noble Corporation,,,,2015-07-20,PayPal Spun off by eBay[130],False
695,FDO,Family Dollar,,,,2015-07-08,Family Dollar acquired.[131],False
696,ATI,Allegheny Technologies,,,,2015-07-02,Spin off of Columbia Pipeline.[133],False
697,TEG,Integrys Energy Group,,,,2015-07-01,Integrys taken over.[134],False
698,WIN,Windstream Communications,,,,2015-04-07,Market capitalization change.[137],False
699,DNR,Denbury Resources,,,,2015-03-23,Market Capitalization Changes.[139],False
700,NBR,Nabors Industries,,,,2015-03-23,Market Capitalization Changes.,False
701,AVP,Avon Products,,,,2015-03-23,Market Capitalization Changes.,False
702,CFN,Carefusion,,,,2015-03-18,Carefusion acquired by Becton Dickinson[140],False
703,SWY,Safeway,,,,2015-01-27,Safeway acquired by private equity consortium[142],False
704,JBL,Jabil Circuit,,,,2014-11-05,Market cap changes[145],False
705,BTU,Peabody Energy,,,,2014-09-20,Market cap changes[146],False
706,GHC,Graham Holdings,,,,2014-09-20,Market cap changes,False
707,RDC,Rowan Companies,,,,2014-08-18,Market cap changes[147],False
708,X,United States Steel,,,,2014-07-02,Market capitalization changes[149],False
709,FRX,Forest Laboratories,,,,2014-07-01,Actavis acquires Forest Laboratories[150],False
710,IGT,International Game Technology,,,,2014-06-20,Market capitalization changes[151],False
711,LSI,LSI Corporation,,,,2014-05-08,Avago acquires LSI[152],False
712,BEAM,Beam Inc,,,,2014-05-01,Beam acquired by Suntory[153],False
713,SLM,SLM Corporation,,,,2014-05-01,Navient Spun off from SLM[153],False
714,LIFE,Life Technologies,,,,2014-01-24,Life Technologies acquired by Thermo Fisher Scientific Inc[157],False
715,ANF,Abercrombie & Fitch,,,,2013-12-23,Market capitalization changes.[158],False
716,MOLX,Molex,,,,2013-12-10,MOLX acquired by Koch Industries.[159],False
717,JCP,JCPenney,,,,2013-12-02,Allegion spun off by Ingersoll Rand.[160],False
718,NYX,NYSE Euronext,,,,2013-11-13,ICE Exchange acquired NYSE Euronext.[161],False
719,DELL,Dell,,,,2013-10-29,Founder Michael Dell and Silver Lake Partners acquired Dell.[162],False
720,BMC,BMC Software,,,,2013-09-10,BMC taken private by consortium[164],False
721,S,Sprint Nextel,,,,2013-07-08,Softbank consortium purchase results in public float below 50%[165],False
722,APOL,Apollo Education Group,,,,2013-07-01,Apollo Group's market cap more representative of a mid-cap[166],False
723,FHN,First Horizon,,,,2013-06-21,Zoetis spun off by Pfizer[167],False
724,HNZ,Heinz,,,,2013-06-06,HNZ acquired by consortium[168],False
725,DF,Dean Foods,,,,2013-05-23,DF too small after spinoff of White Wave Foods[169],False
726,CVH,Coventry Health Care,,,,2013-05-08,Acquired by Aetna (AET)[170],False
727,PCS,MetroPCS,,,,2013-04-30,A majority of MetroPCS was acquired by T-Mobile[171],False
728,BIG,Big Lots,,,,2013-02-15,Market capitalization changes[172],False
729,FII,Federated Investors,,,,2013-01-02,ABBV spun off from Abbott Labs (ABT)[173],False
730,TIE,Titanium Metals,,,,2012-12-21,TIE acquired by Precision Cast Parts (PCP)[174],False
731,RRD,RR Donnelley,,,,2012-12-11,Market capitalization changes[175],False
732,SUN,Sunoco,,,,2012-10-10,Acquired by Energy Transfer Partners (ETP)[177],False
733,LXK,Lexmark,,,,2012-10-01,Tyco spun off ADT[179],False
734,DV,DeVry,,,,2012-10-01,Tyco spin-off merged w/Pentair[179],False
735,SHLD,Sears Holdings,,,,2012-09-05,SHLD below public float threshold[180],False
736,GR,Goodrich Corporation,,,,2012-07-31,Goodrich acquired by United Technologies (UTX).[181],False
737,PGN,Progress Energy,,,,2012-07-02,Acquired by Duke Energy (DUK)[182],False
738,SLE,Sara Lee Corporation,,,,2012-06-29,Split up of Sara Lee[183],False
739,NVLS,Novellus Systems,,,,2012-06-05,Acquired by Lam Research (LRCX)[184],False
740,MMI,Motorola Mobility,,,,2012-05-21,Acquired by Google (GOOG)[185],False
741,EP,El Paso Corporation,,,,2012-05-17,Acquired by Kinder Morgan (KMI)[186],False
742,SVU,Supervalu,,,,2012-04-23,ConocoPhillips spun off Phillips 66[187],False
743,MHS,Medco Health Solutions,,,,2012-04-03,Acquired by Express Scripts (ESRX)[188],False
744,TLAB,Tellabs,,,,2011-12-20,Expedia spun off TripAdvisor.[191],False
745,MWW,Monster Worldwide,,,,2011-12-16,Market capitalization changes,False
746,WFR,MEMC Electronic Materials,,,,2011-12-16,Market capitalization changes,False
747,JNS,Janus Capital Group,,,,2011-11-18,Janus Capital Group's market capitalization is less than $1.2 billion  and is no longer representative of the large cap market space.[194],False
748,ITT,ITT,,,,2011-10-31,Spun off from ITT Corp.[195],False
749,CEPH,Cephalon,,,,2011-10-14,Acquired by Teva Pharmaceutical Industries (TEVA).[196],False
750,NSM,National Semiconductor,,,,2011-09-23,Acquired by Texas Instruments (TXN).[197],False
751,MI,Marshall & Ilsley,,,,2011-07-05,Marshall & Iisley is being bought by Bank of Montreal[198],False
752,RSH,RadioShack,,,,2011-06-30,Market capitalization adjustments.[199],False
753,NOVL,Novell,,,,2011-04-27,Acquired by private equity firms.[201],False
754,GENZ,Genzyme,,,,2011-04-01,Acquired by Sanofi Aventis (SNY)[202],False
755,MFE,McAfee,,,,2011-02-28,Acquired by Intel[204],False
756,KG,King Pharmaceuticals,,,,2010-12-17,Acquired by Pfizer.[206],False
757,EK,Eastman Kodak,,,,2010-12-17,Market Cap changes.[206],False
758,ODP,Office Depot,,,,2010-12-17,Market Cap changes.,False
759,NYT,The New York Times Company,,,,2010-12-17,Market Cap changes.,False
760,PTV,Pactiv,,,,2010-11-17,Reynolds Group Holdings acquired Pactiv.[207],False
761,SII,Smith International,,,,2010-08-26,Acquired by Schlumberger (SLB)[208],False
762,MIL,Millipore,,,,2010-07-14,Acquired by Merck KGaA (MKGAY)[209],False
763,STR,Questar,,,,2010-06-30,"Company split. QEP retained, but ticker changed.[210]",False
764,XTO,XTO Energy,,,,2010-06-28,Acquired by ExxonMobil[211],False
765,BJS,BJ Services,,,,2010-04-29,Acquired by Baker Hughes[212],False
766,RX,IMS Health,,,,2010-02-26,Taken private[213],False
767,CIEN,Ciena,,,,2009-12-18,Market capitalization change.[214],False
768,DYN,Dynegy,,,,2009-12-18,Market capitalization change.[214],False
769,KBH,KB Home,,,,2009-12-18,Market capitalization change.[214],False
770,MBI,MBIA,,,,2009-12-18,Market capitalization change.[214],False
771,SGP,Schering-Plough,,,,2009-11-03,Acquired by Merck & Co. (MRK)[215],False
772,CTX,Centex Corp.,,,,2009-08-19,Centex acquired by Pulte Homes.[217],False
773,ACAS,American Capital,,,,2009-03-03,Capitalization rebalance.[219],False
774,JNY,Jones Apparel Group,,,,2009-03-03,Capitalization rebalance.,False
775,WB,Wachovia Bank,,,,2008-12-31,Wachovia Bank acquired by Wells Fargo.[220],False
776,LEH,Lehman Brothers,,,,2008-09-16,Lehman Brothers filed for bankruptcy.[221],False
777,FRE,Freddie Mac,,,,2008-09-12,Capitalization rebalance.[222],False
778,FNM,Fannie Mae,,,,2008-09-12,Capitalization rebalance.[222],False
779,CFC,Countrywide Financial Corp,,,,2008-07-01,Ak Steel replaced Countrywide Financial.[223],False
780,BC,Brunswick,,,,2008-06-23,Market capitalization change.[224],False
781,OMX,OfficeMax,,,,2008-06-23,Market capitalization change.[224],False
782,TRB,Tribune Media,,,,2007-12-20,Taken private[226],False
783,DJ,Dow Jones,,,,2007-12-13,Acquired by News Corporation[227],False
784,AV,Avaya,,,,2007-10-26,Taken private[228],False
785,SLR,Solectron,,,,2007-10-02,Solectron acquired by Flextronics.[229],False
786,NCR,NCR Corporation,,,,2007-10-01,Teradata spun off by NCR Corporation.[229],False
787,FDC,First Data,,,,2007-09-26,FDC acquired by KKR.[229],False
788,KSE,KeySpan,,,,2007-08-24,Acquired by National Grid plc[230],False
789,TSG,Sabre Corporation,,,,2007-03-30,Taken Private[231],False
790,ABS,Albertsons,,,,2006-06-02,Albertsons acquired by SuperValu and CVS Corp.[233],False
791,GLK,Great Lakes Chemical,,,,2005-07-01,Acquired by Crompton Corp.[235],False
792,QTRN,Quintiles Transnational,,,,2003-09-25,Taken private[236],False
793,BS,Bethlehem Steel,,,,2000-12-05,Market Cap changes.[237],False
794,GRA,WR Grace,,,,2000-12-05,Market Cap changes.,False
795,CCK,Crown Holdings,,,,2000-12-05,Market Cap changes.,False
796,RAD,RiteAid,,,,2000-07-27,Market Cap change.[238],False
797,TMC,Times Mirror,,,,2000-06-12,Tribune Co. acquired Times Mirror.[239],False
798,SMS,Shared Medical Systems,,,,2000-06-07,Siemens AG acquired Shared Medical Systems.[239],False
799,LDW,Laidlaw,,,,1999-12-07,Market capitalization change.[240],False
800,HPH,Harnischfeger Industries,,,,1999-06-09,Harnischfeger filed for bankruptcy.[241],False
801,GRN,General Re,,,,1998-12-11,Berkshire Hathaway purchased General Re.[242],False
802,USL,USLife,,,,1997-06-17,AIG acquired USLife.[243],False
